year;model_name;;;;;;;;;;;;;;;;;;;;;;;;;;;;;;;;;;;;;;;;;;;;;;;;;;;;;;;;;;;;
2045;reference_path;;45075980,87;;45020000,00;;;;;;;;;;;;;;;;;;;;;;;;;;;;;;;;;;;;;;;;;;;;;;;;;;;;;;;;
unit;;;01.01.2023;;;[kg];[kg];[kg];[kg];[kg];[kg];[km];;[l/100km];[kWh/100km];[l/100km]/[kWh/100km];[kgco2e/kgFhz];[kgco2e/kWh];[kgco2e/kW];[kgco2e/kW];[kgco2e/kg];[%];[kWh/l];[kgCO2e/l];[kgCO2e/l];;[kWh/l];[kgCO2e/l];[kgCO2e/l];;;;[kWh/l];[kgCO2e/l];[kgCO2e/l];;;[g co2e/MJ];[g co2e/kWh];;[kg co2e/kWh];[kg co2e/kWh];;[kg co2e/kWh];[kg co2e/kWh];[kg co2e/kWh];[kg co2e/kWh];[km];[km];[kWh];[kW];[kW];[kg];[kg];[kg co2e/kWh];[kg co2e/kg];[kg CO2e];[kg CO2e];;;
Quelle;;;FZ27.11,KBA;aus Baseline 22;aus Studie ;ADAC;;;;;;KBA;KBA ;ADAC;ADAC;ADAC;UBA,Aut;UBA,Aut;UBA,Aut;UBA,Aut;UBA,Aut;;DIN;DIN ;DIN ;;DIN ;DIN ;DIN ;;;;DIN ;DIN ;DIN ;;;BA IFKM ;eigene Umrechnung;;Katja;Katja;;Katja;Katja;;;ADAC;ADAC;ADAC;ADAC;ADAC;UBA,Aut;UBA,Aut;;;Klimapfade 2.0 ;Klimapfade 2.0 ;;;
description;;;;;;;;;;;;;;;;;;;;;;an Gesamt Benzin;eigene Berechnung;;;;eigene Berechnung;;;;;;eigene Berechnung;;;;;;1kWh=3,6 MJ;;;;;;;;;;;;;;;;;;referenzpfad 2030 * 0,68;referenzpfad 2030 * 0,68;;;
vehicle_class;segments;used_model;number_of_cars_in_segment;share_of_segment_on_total_vehicles_of_class;total_number_of_cars_in_vehicle_class;average_vehicle_weight;average_vehicle_weight_without_driver;battery_weight;vehicleweight_w/o_battery;fueltank_weight_90_%_filled;glider_weight;mileage;energysupply;consumption_manufacturer_l;consumption_manufacturer_kWh;realconsumption;co2e_production;co2e_battery_production;co2e_electric_engine_bestcase;co2e_electric_engine;co2e_drivechain;share_E5_totalgasoline;energy_E5_kWh;co2e_E5_TtW;co2e_E5_WtW;share_E10_totalgasoline;energy_E10_kWh;co2e_E10_TtW;co2e_E10_WtW;share_superplus_totalgasoline;co2e_superplus_TtW;share_D7_totaldiesel;energy_diesel_kWh;co2e_D7_TtW;co2e_D7_WtW;share_hvo_totaldiesel;co2e_hvo_TtW;co2e_hvo_WtW;co2e_hvo_WtW_kwh;share_ptl_totalgasoline;co2e_ptl_TtW;co2e_ptl_WtW;share_bioliq_totalgasoline;co2e_bioliq_TtW;co2e_bioliq_WtW;co2e_electricity_TtW;co2e_electricity_WtW;range_wltp;range_wltp_city;battery_capacity_brutto;power_electric_engine;power_electric_engine_2;weight_electric_engine;weight_electric_drivechain;co2e_savings_battery;co2e_savings_glider;path_emissiont_2030;path_emission_2045;emission_target_de_30;emission_target_de_40;emission_target_de_45
icev;Mini;Fiat500;870783,09;0,099866253;8719493,00;1177;1102;0;1102;23,625;1078,375;13739;gasoline;4,8;0;5,8;7,2;82,5;1,7;4,5;42;0,718;8,8;2,3;2,8;0,237;8,64;2,18;2,72;0,045;2,3;1;9,97;2,48;3,15;0;0;0,51;184,716;0;0;0,48;0;0;0,502;0;0,149;0;0;0;0;0;0;0;-20;-2,93;79560000000;28600000000;5,78E+10;2,04E+10;0
icev;Kleinwagen;Mini;2307452,90;0,264631544;8719493,00;1278;1203;0;1203;27;1176;13739;gasoline;5,6;0;6;7,2;82,5;1,7;4,5;42;0,718;8,8;2,3;2,8;0,237;8,64;2,18;2,72;0,045;2,3;1;9,97;2,48;3,15;0;0;0,51;184,716;0;0;0,48;0;0;0,502;0;0,149;0;0;0;0;0;0;0;-20;-2,93;79560000000;28600000000;5,78E+10;2,04E+10;0
icev;Kompaktklasse;Golf;3042411,21;0,348920655;8719493,00;1528;1453;0;1453;37,125;1415,875;13739;gasoline;4,7;0;6,1;7,2;82,5;1,7;4,5;42;0,718;8,8;2,3;2,8;0,237;8,64;2,18;2,72;0,045;2,3;1;9,97;2,48;3,15;0;0;0,51;184,716;0;0;0,48;0;0;0,502;0;0,149;0;0;0;0;0;0;0;-20;-2,93;79560000000;28600000000;5,78E+10;2,04E+10;0
icev;Mittelklasse;C-Klasse;1998583,18;0,447304763;4468057,00;1758;1683;0;1683;27;1656;13739;diesel;5,5;0;7,5;7,2;82,5;1,7;4,5;42;0,718;8,8;2,3;2,8;0,237;8,64;2,18;2,72;0,045;2,3;1;9,97;2,48;3,15;0;0;0,51;184,716;0;0;0,48;0;0;0,502;0;0,149;0;0;0;0;0;0;0;-20;-2,93;79560000000;28600000000;5,78E+10;2,04E+10;0
icev;obereMittelklasse;A6;465669,39;0,049777291;9355057,00;1972;1897;0;1897;43,875;1853,125;13739;gasoline;7,4;0;8,3;7,2;82,5;1,7;4,5;42;0,718;8,8;2,3;2,8;0,237;8,64;2,18;2,72;0,045;2,3;1;9,97;2,48;3,15;0;0;0,51;184,716;0;0;0,48;0;0;0,502;0;0,149;0;0;0;0;0;0;0;-20;-2,93;79560000000;28600000000;5,78E+10;2,04E+10;0
icev;Oberklasse;A8;62278,35;0,007142428;8719493,00;2238;2163;0;2163;48,6;2114,4;13739;gasoline;9,5;0;10,5;7,2;82,5;1,7;4,5;42;0,718;8,8;2,3;2,8;0,237;8,64;2,18;2,72;0,045;2,3;1;9,97;2,48;3,15;0;0;0,51;184,716;0;0;0,48;0;0;0,502;0;0,149;0;0;0;0;0;0;0;-20;-2,93;79560000000;28600000000;5,78E+10;2,04E+10;0
icev;SUV;X1;1250762,99;0,143444463;8719493,00;1698;1623;0;1623;34,425;1588,575;13739;gasoline;5,1;0;6,1;7,2;82,5;1,7;4,5;42;0,718;8,8;2,3;2,8;0,237;8,64;2,18;2,72;0,045;2,3;1;9,97;2,48;3,15;0;0;0,51;184,716;0;0;0,48;0;0;0,502;0;0,149;0;0;0;0;0;0;0;-20;-2,93;79560000000;28600000000;5,78E+10;2,04E+10;0
icev;Gel‰ndewagen;Tiguan;977524,43;0,218780653;4468057;1677;1602;0;1602;41,085;1560,915;13739;diesel;5,3;0;7;7,2;82,5;1,7;4,5;42;0,718;8,8;2,3;2,8;0,237;8,64;2,18;2,72;0,045;2,3;1;9,97;2,48;3,15;0;0;0,51;184,716;0;0;0,48;0;0;0,502;0;0,149;0;0;0;0;0;0;0;-20;-2,93;79560000000;28600000000;57800000000;20400000000;0
icev;Sportwagen;911;253223,0657;0,029041031;8719493,00;1683;1608;0;1608;43,2;1564,8;13739;gasoline;8,4;0;9,5;7,2;82,5;1,7;4,5;42;0,718;8,8;2,3;2,8;0,237;8,64;2,18;2,72;0,045;2,3;1;9,97;2,48;3,15;0;0;0,51;184,716;0;0;0,48;0;0;0,502;0;0,149;0;0;0;0;0;0;0;-20;-2,93;79560000000;28600000000;5,78E+10;2,04E+10;0
icev;MiniVan;B-Klasse;534887,88;0,057176336;9355057,00;1651;1576;0;1576;33,75;1542,25;13739;gasoline;5,6;0;5,8;7,2;82,5;1,7;4,5;42;0,718;8,8;2,3;2,8;0,237;8,64;2,18;2,72;0,045;2,3;1;9,97;2,48;3,15;0;0;0,51;184,716;0;0;0,48;0;0;0,502;0;0,149;0;0;0;0;0;0;0;-20;-2,93;79560000000;28600000000;5,78E+10;2,04E+10;0
icev;GroﬂraumVans;Touran;759317,32;0,169943516;4468057;1847;1772;0;1772;39,15;1732,85;13739;diesel;4,5;0;7,1;7,2;82,5;1,7;4,5;42;0,718;8,8;2,3;2,8;0,237;8,64;2,18;2,72;0,045;2,3;1;9,97;2,48;3,15;0;0;0,51;184,716;0;0;0,48;0;0;0,502;0;0,149;0;0;0;0;0;0;0;-20;-2,93;79560000000;28600000000;5,78E+10;2,04E+10;0
icev;Utilities;Transporter;312014,93;0,069832353;4468057;2062;1987;0;1987;54;1933;13739;diesel;7;0;;7,2;82,5;1,7;4,5;42;0,718;8,8;2,3;2,8;0,237;8,64;2,18;2,72;0,045;2,3;1;9,97;2,48;3,15;0;0;0,51;184,716;0;0;0,48;0;0;0,502;0;0,149;0;0;0;0;0;0;0;-20;-2,93;79560000000;28600000000;5,78E+10;2,04E+10;0
icev;Wohnwagen;FiatDucato;420617,14;0,094138714;4468057;2966;2891;0;2891;50,625;2840,375;13739;diesel;7,5;0;;7,2;82,5;1,7;4,5;42;0,718;8,8;2,3;2,8;0,237;8,64;2,18;2,72;0,045;2,3;1;9,97;2,48;3,15;0;0;0,51;184,716;0;0;0,48;0;0;0,502;0;0,149;0;0;0;0;0;0;0;-20;-2,93;79560000000;28600000000;5,78E+10;2,04E+10;0
hev;Mini;fiat500;43756;0,041317952;1059007;1177;1102;6;1096;23,625;1072,375;13739;gasoline;5,3;0;;7,2;82,5;1,7;4,5;42;0,718;8,8;2,3;2,8;0,237;8,64;2,18;2,72;0,045;2,3;1;9,97;2,48;3,15;0;0;0,51;184,716;0;0;0,48;0;0;0,502;0;0,149;0;0;0,4;6;0;0;0;-20;-2,93;79560000000;28600000000;5,78E+10;2,04E+10;0
hev;Kleinwagen;kia rio;237345,00;0,224120332;1059007;1278;1203;6;1197;27;1170;13739;gasoline;5,4;0;;7,2;82,5;1,7;4,5;42;0,718;8,8;2,3;2,8;0,237;8,64;2,18;2,72;0,045;2,3;1;9,97;2,48;3,15;0;0;0,51;184,716;0;0;0,48;0;0;0,502;0;0,149;0;0;0,4;6;0;0;0;-20;-2,93;79560000000;28600000000;5,78E+10;2,04E+10;0
hev;Kompaktklasse;Golf ;255200,00;0,240980466;1059007;1528;1453;6;1447;37,125;1409,875;13739;gasoline;5,2;0;;7,2;82,5;1,7;4,5;42;0,718;8,8;2,3;2,8;0,237;8,64;2,18;2,72;0,045;2,3;1;9,97;2,48;3,15;0;0;0,51;184,716;0;0;0,48;0;0;0,502;0;0,149;0;0;0,4;6;0;0;0;-20;-2,93;79560000000;28600000000;5,78E+10;2,04E+10;0
hev;Mittelklasse; C-Klasse;236830,00;0,223634027;1059007;1758;1683;6;1677;27;1650;13739;gasoline;6,3;0;;7,2;82,5;1,7;4,5;42;0,718;8,8;2,3;2,8;0,237;8,64;2,18;2,72;0,045;2,3;1;9,97;2,48;3,15;0;0;0,51;184,716;0;0;0,48;0;0;0,502;0;0,149;0;0;0,4;6;0;0;0;-20;-2,93;79560000000;28600000000;5,78E+10;2,04E+10;0
hev;obereMittelklasse;A6;150573,00;0,355592134;423443;1972;1897;6;1891;43,875;1847,125;13739;diesel;7,4;0;;7,2;82,5;1,7;4,5;42;0,718;8,8;2,3;2,8;0,237;8,64;2,18;2,72;0,045;2,3;1;9,97;2,48;3,15;0;0;0,51;184,716;0;0;0,48;0;0;0,502;0;0,149;0;0;0,4;6;0;0;0;-20;-2,93;79560000000;28600000000;5,78E+10;2,04E+10;0
hev;Oberklasse;A8 ;23436;0,022130165;1059007;2238;2163;6;2157;48,6;2108,4;13739;gasoline;9,5;0;;7,2;82,5;1,7;4,5;42;0,718;8,8;2,3;2,8;0,237;8,64;2,18;2,72;0,045;2,3;1;9,97;2,48;3,15;0;0;0,51;184,716;0;0;0,48;0;0;0,502;0;0,149;0;0;0,4;6;0;0;0;-20;-2,93;79560000000;28600000000;5,78E+10;2,04E+10;0
hev;SUV;x1;301941,00;0,285117096;1059007;1698;1623;6;1617;34,425;1582,575;13739;gasoline;6,1;0;;7,2;82,5;1,7;4,5;42;0,718;8,8;2,3;2,8;0,237;8,64;2,18;2,72;0,045;2,3;1;9,97;2,48;3,15;0;0;0,51;184,716;0;0;0,48;0;0;0,502;0;0,149;0;0;0,4;6;0;0;0;-20;-2,93;79560000000;28600000000;5,78E+10;2,04E+10;0
hev;Gel‰ndewagen;nissan x-trail;190283,00;0,44937099;423443;2005;1930;6;1924;39,15;1884,85;13739;diesel;7,1;0;;7,2;82,5;1,7;4,5;42;0,718;8,8;2,3;2,8;0,237;8,64;2,18;2,72;0,045;2,3;1;9,97;2,48;3,15;0;0;0,51;184,716;0;0;0,48;0;0;0,502;0;0,149;0;0;0,4;6;0;0;0;-20;-2,93;79560000000;28600000000;5,78E+10;2,04E+10;0
hev;Sportwagen;mercedes sl;10419,00;0,009838462;1059007;1683;1608;6;1602;43,2;1558,8;13739;gasoline;8,4;0;;7,2;82,5;1,7;4,5;42;0,718;8,8;2,3;2,8;0,237;8,64;2,18;2,72;0,045;2,3;1;9,97;2,48;3,15;0;0;0,51;184,716;0;0;0,48;0;0;0,502;0;0,149;0;0;0,4;6;0;0;0;-20;-2,93;79560000000;28600000000;5,78E+10;2,04E+10;0
hev;MiniVan;B-Klasse;1001,00;0,002363955;423443;1651;1576;6;1570;33,75;1536,25;13739;diesel;5,6;0;;7,2;82,5;1,7;4,5;42;0,718;8,8;2,3;2,8;0,237;8,64;2,18;2,72;0,045;2,3;1;9,97;2,48;3,15;0;0;0,51;184,716;0;0;0,48;0;0;0,502;0;0,149;0;0;0,4;6;0;0;0;-20;-2,93;79560000000;28600000000;5,78E+10;2,04E+10;0
hev;GroﬂraumVans;peugeot 5008;11027;0,010412585;1059007;1847;1772;6;1766;39,15;1726,85;13739;gasoline;4,5;0;;7,2;82,5;1,7;4,5;42;0,718;8,8;2,3;2,8;0,237;8,64;2,18;2,72;0,045;2,3;1;9,97;2,48;3,15;0;0;0,51;184,716;0;0;0,48;0;0;0,502;0;0,149;0;0;0,4;6;0;0;0;-20;-2,93;79560000000;28600000000;5,78E+10;2,04E+10;0
hev;Utilities;ford transit ;8598,00;0,020304976;423443;2062;1987;6;1981;54;1927;13739;diesel;7;0;;7,2;82,5;1,7;4,5;42;0,718;8,8;2,3;2,8;0,237;8,64;2,18;2,72;0,045;2,3;1;9,97;2,48;3,15;0;0;0,51;184,716;0;0;0,48;0;0;0,502;0;0,149;0;0;0,4;6;0;0;0;-20;-2,93;79560000000;28600000000;5,78E+10;2,04E+10;0
hev;Wohnwagen;land rover defender ;46,00;0,000108633;423443;2966;2891;6;2885;50,625;2834,375;13739;diesel;7,5;0;;7,2;82,5;1,7;4,5;42;0,718;8,8;2,3;2,8;0,237;8,64;2,18;2,72;0,045;2,3;1;9,97;2,48;3,15;0;0;0,51;184,716;0;0;0,48;0;0;0,502;0;0,149;0;0;0,4;6;0;0;0;-20;-2,93;79560000000;28600000000;5,78E+10;2,04E+10;0
phev;Mini;not available ;0,00;0;1350000,00;0;0;0;0;0;0;13739;hybrid;0;0;;7,2;82,5;1,7;4,5;42;0,718;8,8;2,3;2,8;0,237;8,64;2,18;2,72;0,045;2,3;1;9,97;2,48;3,15;0;0;0,51;184,716;0;0;0,48;0;0;0,502;0;0,149;0;0;0;0;0;0;0;-20;-2,93;79560000000;28600000000;5,78E+10;2,04E+10;0
phev;Kleinwagen;Golf;22489,57;0,01665894;1350000,00;1624;1549;130;1419;23,625;1395,375;13739;hybrid;1,1;14,4;;7,2;82,5;1,7;4,5;42;0,718;8,8;2,3;2,8;0,237;8,64;2,18;2,72;0,045;2,3;1;9,97;2,48;3,15;0;0;0,51;184,716;0;0;0,48;0;0;0,502;0;0,149;64;;13;85;0;0;0;-20;-2,93;79560000000;28600000000;5,78E+10;2,04E+10;0
phev;Kompaktklasse;A3;276629,6738;0,20491087;1350000,00;1635;1560;130;1430;27;1403;13739;hybrid;1,1;14,4;;7,2;82,5;1,7;4,5;42;0,718;8,8;2,3;2,8;0,237;8,64;2,18;2,72;0,045;2,3;1;9,97;2,48;3,15;0;0;0,51;184,716;0;0;0,48;0;0;0,502;0;0,149;66;73;12,8;85;0;0;0;-20;-2,93;79560000000;28600000000;5,78E+10;2,04E+10;0
phev;Mittelklasse;VWPassat;211825,67;0,156907902;1350000,00;1759;1684;130;1554;33,75;1520,25;13739;hybrid;1,3;16,3;;7,2;82,5;1,7;4,5;42;0,718;8,8;2,3;2,8;0,237;8,64;2,18;2,72;0,045;2,3;1;9,97;2,48;3,15;0;0;0,51;184,716;0;0;0,48;0;0;0,502;0;0,149;;;13;85;0;0;0;-20;-2,93;79560000000;28600000000;5,78E+10;2,04E+10;0
phev;obereMittelklasse;E300e9G-Tronics;100521,63;0,074460465;1350000,00;1985;1910;135;1775;33,75;1741,25;13739;hybrid;1,5;17;;7,2;82,5;1,7;4,5;42;0,718;8,8;2,3;2,8;0,237;8,64;2,18;2,72;0,045;2,3;1;9,97;2,48;3,15;0;0;0,51;184,716;0;0;0,48;0;0;0,502;0;0,149;51;;13,5;90;0;0;0;-20;-2,93;79560000000;28600000000;5,78E+10;2,04E+10;0
phev;Oberklasse;Porschepanamera;15039,99;0,011140731;1350000,00;2285;2210;179;2031;54;1977;13739;hybrid;2,3;23,6;;7,2;82,5;1,7;4,5;42;0,718;8,8;2,3;2,8;0,237;8,64;2,18;2,72;0,045;2,3;1;9,97;2,48;3,15;0;0;0,51;184,716;0;0;0,48;0;0;0,502;0;0,149;54;;17,9;100;0;0;0;-20;-2,93;79560000000;28600000000;5,78E+10;2,04E+10;0
phev;SUV;Renaultcapture;416977,85;0,308872482;1350000,00;1616;1541;103;1438;26,325;1411,675;13739;hybrid;1,5;17,3;;7,2;82,5;1,7;4,5;42;0,718;8,8;2,3;2,8;0,237;8,64;2,18;2,72;0,045;2,3;1;9,97;2,48;3,15;0;0;0,51;184,716;0;0;0,48;0;0;0,502;0;0,149;54;65;9,8;49;25;0;0;-20;-2,93;79560000000;28600000000;5,78E+10;2,04E+10;0
phev;Gel‰ndewagen;volvoXC40;267571,571;0,198201164;1350000,00;1812;1737;107;1630;32,4;1597,6;13739;hybrid;2,1;15,2;;7,2;82,5;1,7;4,5;42;0,718;8,8;2,3;2,8;0,237;8,64;2,18;2,72;0,045;2,3;1;9,97;2,48;3,15;0;0;0,51;184,716;0;0;0,48;0;0;0,502;0;0,149;45;55;10,7;60;0;0;0;-20;-2,93;79560000000;28600000000;5,78E+10;2,04E+10;0
phev;Sportwagen;Porschepanamera;3342,22;0,002475718;1350000,00;2285;2210;179;2031;54;1977;13739;hybrid;2,3;23,6;;7,2;82,5;1,7;4,5;42;0,718;8,8;2,3;2,8;0,237;8,64;2,18;2,72;0,045;2,3;1;9,97;2,48;3,15;0;0;0,51;184,716;0;0;0,48;0;0;0,502;0;0,149;54;;17,9;100;0;0;0;-20;-2,93;79560000000;28600000000;5,78E+10;2,04E+10;0
phev;MiniVan;Peogeot3008;29017,54;0,021494471;1350000,00;1908;1833;142;1691;29,025;1661,975;13739;hybrid;1,3;15,3;;7,2;82,5;1,7;4,5;42;0,718;8,8;2,3;2,8;0,237;8,64;2,18;2,72;0,045;2,3;1;9,97;2,48;3,15;0;0;0,51;184,716;0;0;0,48;0;0;0,502;0;0,149;63;74;14,2;81;83;0;0;-20;-2,93;79560000000;28600000000;5,78E+10;2,04E+10;0
phev;GroﬂraumVans;not available ;3,13;2,31809E-06;1350000,00;0;0;0;0;0;0;13739;hybrid;0;0;;7,2;82,5;1,7;4,5;42;0,718;8,8;2,3;2,8;0,237;8,64;2,18;2,72;0,045;2,3;1;9,97;2,48;3,15;0;0;0,51;184,716;0;0;0,48;0;0;0,502;0;0,149;0;0;0;0;0;0;0;-20;-2,93;79560000000;28600000000;5,78E+10;2,04E+10;0
phev;Utilities;VWMultivan;6573,34;0,004869144;1350000,00;2257;2182;130;2052;30,375;2021,625;13739;hybrid;1,8;17,3;;7,2;82,5;1,7;4,5;42;0,718;8,8;2,3;2,8;0,237;8,64;2,18;2,72;0,045;2,3;1;9,97;2,48;3,15;0;0;0,51;184,716;0;0;0,48;0;0;0,502;0;0,149;50;;13;85;0;0;0;-20;-2,93;79560000000;28600000000;5,78E+10;2,04E+10;0
phev;Wohnwagen;not available ;7,823547138;5,79522E-06;1350000,00;0;0;0;0;0;0;13739;hybrid;0;0;;7,2;82,5;1,7;4,5;42;0,718;8,8;2,3;2,8;0,237;8,64;2,18;2,72;0,045;2,3;1;9,97;2,48;3,15;0;0;0,51;184,716;0;0;0,48;0;0;0,502;0;0,149;0;0;0;0;0;0;0;-20;-2,93;79560000000;28600000000;5,78E+10;2,04E+10;0
bev;Mini;fiat500e;5726123,28;0,197452527;29000000,00;1330;1255;182;1073;0;1073;13739;battery;0;13;;6,2;82,5;1,7;4,5;42;0,718;8,8;2,3;2,8;0,237;8,64;2,18;2,72;0,045;2,3;1;9,97;2,48;3,15;0;0;0,51;184,716;0;0;0,48;0;0;0,502;0;0,149;190;257;23,8;70;0;50;27;-20;-2,93;79560000000;28600000000;5,78E+10;2,04E+10;0
bev;Kleinwagen;renaultzoe;6306900,26;0,217479319;29000000,00;1577;1502;326;1176;0;1176;13739;battery;0;17,2;;6,2;82,5;1,7;4,5;42;0,718;8,8;2,3;2,8;0,237;8,64;2,18;2,72;0,045;2,3;1;9,97;2,48;3,15;0;0;0,51;184,716;0;0;0,48;0;0;0,502;0;0,149;316;;44,1;80;0;50;27;-20;-2,93;79560000000;28600000000;5,78E+10;2,04E+10;0
bev;Kompaktklasse;VWID.3;3984166,99;0,137385069;29000000,00;1815;1740;364;1376;0;1376;13739;battery;0;15,2;;6,2;82,5;1,7;4,5;42;0,718;8,8;2,3;2,8;0,237;8,64;2,18;2,72;0,045;2,3;1;9,97;2,48;3,15;0;0;0,51;184,716;0;0;0,48;0;0;0,502;0;0,149;429;587;62;150;0;50;27;-20;-2,93;79560000000;28600000000;5,78E+10;2,04E+10;0
bev;Mittelklasse;Model3;2531676,96;0,087299205;29000000,00;1825;1750;310;1440;0;1440;13739;battery;0;14,4;;6,2;82,5;1,7;4,5;42;0,718;8,8;2,3;2,8;0,237;8,64;2,18;2,72;0,045;2,3;1;9,97;2,48;3,15;0;0;0,51;184,716;0;0;0,48;0;0;0,502;0;0,149;491;;62;208;0;50;27;-20;-2,93;79560000000;28600000000;5,78E+10;2,04E+10;0
bev;obereMittelklasse;i4;92050,50027;0,003174155;29000000,00;2125;2050;419,5;1630,5;0;1630,5;13739;battery;0;16,3;;6,2;82,5;1,7;4,5;42;0,718;8,8;2,3;2,8;0,237;8,64;2,18;2,72;0,045;2,3;1;9,97;2,48;3,15;0;0;0,51;184,716;0;0;0,48;0;0;0,502;0;0,149;584;;83,9;250;0;50;27;-20;-2,93;79560000000;28600000000;5,78E+10;2,04E+10;0
bev;Oberklasse;Taycan;693721,85;0,023921443;29000000,00;2125;2050;396;1654;0;1654;13739;battery;0;20,3;;6,2;82,5;1,7;4,5;42;0,718;8,8;2,3;2,8;0,237;8,64;2,18;2,72;0,045;2,3;1;9,97;2,48;3,15;0;0;0,51;184,716;0;0;0,48;0;0;0,502;0;0,149;432;451;79,2;300;0;50;27;-20;-2,93;79560000000;28600000000;5,78E+10;2,04E+10;0
bev;SUV;ModelY;8124133,91;0,280142549;29000000,00;1984;1909;475;1434;0;1434;13739;battery;0;15,7;;6,2;82,5;1,7;4,5;42;0,718;8,8;2,3;2,8;0,237;8,64;2,18;2,72;0,045;2,3;1;9,97;2,48;3,15;0;0;0,51;184,716;0;0;0,48;0;0;0,502;0;0,149;455;;62;220;0;50;27;-20;-2,93;79560000000;28600000000;5,78E+10;2,04E+10;0
bev;Gel‰ndewagen;Q8;969786,89;0,033440927;29000000,00;2585;2510;475;2035;0;2035;13739;battery;0;20,3;;6,2;82,5;1,7;4,5;42;0,718;8,8;2,3;2,8;0,237;8,64;2,18;2,72;0,045;2,3;1;9,97;2,48;3,15;0;0;0,51;184,716;0;0;0,48;0;0;0,502;0;0,149;488;;95;200;200;50;27;-20;-2,93;79560000000;28600000000;5,78E+10;2,04E+10;0
bev;Sportwagen;not available ;1008,69;3,47825E-05;29000000,00;0;0;0;0;0;0;13739;battery;0;0;;6,2;82,5;1,7;4,5;42;0,718;8,8;2,3;2,8;0,237;8,64;2,18;2,72;0,045;2,3;1;9,97;2,48;3,15;0;0;0,51;184,716;0;0;0,48;0;0;0,502;0;0,149;0;0;0;0;0;0;0;-20;-2,93;79560000000;28600000000;5,78E+10;2,04E+10;0
bev;MiniVan;Kiae-Soul;183928,0816;0,006342348;29000000,00;1610;1535;315;1220;0;1220;13739;battery;0;15,6;;6,2;82,5;1,7;4,5;42;0,718;8,8;2,3;2,8;0,237;8,64;2,18;2,72;0,045;2,3;1;9,97;2,48;3,15;0;0;0,51;184,716;0;0;0,48;0;0;0,502;0;0,149;276;407;42;100;0;50;27;-20;-2,93;79560000000;28600000000;5,78E+10;2,04E+10;0
bev;GroﬂraumVans;pro ace city toyota ;99226,64;0,003421608;29000000,00;1664;1589;250;1339;0;1339;13739;battery;0;19,4;;6,2;82,5;1,7;4,5;42;0,718;8,8;2,3;2,8;0,237;8,64;2,18;2,72;0,045;2,3;1;9,97;2,48;3,15;0;0;0,51;184,716;0;0;0,48;0;0;0,502;0;0,149;284;425;50;100;0;50;27;-20;-2,93;79560000000;28600000000;5,78E+10;2,04E+10;0
bev;Utilities;e-Sprinter;285460,30;0,009843459;29000000,00;2455;2380;205;2175;0;2175;13739;battery;0;33,9;;6,2;82,5;1,7;4,5;42;0,718;8,8;2,3;2,8;0,237;8,64;2,18;2,72;0,045;2,3;1;9,97;2,48;3,15;0;0;0,51;184,716;0;0;0,48;0;0;0,502;0;0,149;120;;41;85;0;50;27;-20;-2,93;79560000000;28600000000;5,78E+10;2,04E+10;0
bev;Wohnwagen;not available ;1815,65;6,26086E-05;29000000,00;0;0;0;0;0;0;13739;battery;0;0;;6,2;82,5;1,7;4,5;42;0,718;8,8;2,3;2,8;0,237;8,64;2,18;2,72;0,045;2,3;1;9,97;2,48;3,15;0;0;0,51;184,716;0;0;0,48;0;0;0,502;0;0,149;0;0;0;0;0;0;0;-20;-2,93;79560000000;28600000000;5,78E+10;2,04E+10;0
lkw;MittelschwererLkwimVerteilverkehrICEDiesel;;;;;12800;;;;;12800;50000;lkw_diesel;25,66;254;;3,365625;82,5;1,7;4,5;42;0,718;8,8;2,3;2,8;0,237;8,64;2,18;2,72;0,045;2,3;1;9,97;2,48;3,15;0;0;0,51;184,716;0;0;0,48;0;0;0,502;0;0,149;0;0;0;0;0;0;;-20;-2,93;79560000000;28600000000;5,78E+10;2,04E+10;0
lkw;SchwererLKWimTransitverkehrICEDiesel;;;;;14700;;;;;14700;50000;lkw_diesel;31,9;316;;3,458639456;82,5;1,7;4,5;42;0,718;8,8;2,3;2,8;0,237;8,64;2,18;2,72;0,045;2,3;1;9,97;2,48;3,15;0;0;0,51;184,716;0;0;0,48;0;0;0,502;0;0,149;0;0;0;0;0;0;;-20;-2,93;79560000000;28600000000;5,78E+10;2,04E+10;0
lkw;MittelschwererLKWimurbanenVerteilerverkehrBEV-EEONC;;;;;11300;;;;;11300;50000;lkw_battery;0;110;;6,954247788;82,5;1,7;4,5;42;0,718;8,8;2,3;2,8;0,237;8,64;2,18;2,72;0,045;2,3;1;9,97;2,48;3,15;0;0;0,51;184,716;0;0;0,48;0;0;0,502;0;0,149;0;0;0;0;0;0;270;-20;-2,93;79560000000;28600000000;5,78E+10;2,04E+10;0
lkw;MittelschwererLKWimurbanenVerteilerverkehrBEV-ATONC;;;;;11300;;;;;11300;50000;lkw_battery;0;110;;6,954247788;82,5;1,7;4,5;42;0,718;8,8;2,3;2,8;0,237;8,64;2,18;2,72;0,045;2,3;1;9,97;2,48;3,15;0;0;0,51;184,716;0;0;0,48;0;0;0,502;0;0,149;0;0;0;0;0;0;270;-20;-2,93;79560000000;28600000000;5,78E+10;2,04E+10;0
lkw;SchwererLKWimTransitverkehrBEV-AT-OL;;;;;13200;;;;;13200;50000;lkw_battery;0;155;;6,318257576;82,5;1,7;4,5;42;0,718;8,8;2,3;2,8;0,237;8,64;2,18;2,72;0,045;2,3;1;9,97;2,48;3,15;0;0;0,51;184,716;0;0;0,48;0;0;0,502;0;0,149;0;0;0;0;0;0;350;-20;-2,93;79560000000;28600000000;5,78E+10;2,04E+10;0
lkw;SchwererLKWimTransitverkehrBEV-EE-OL;;;;;13200;;;;;13200;50000;lkw_battery;0;155;;6,318257576;;1,7;4,5;42;0,718;8,8;2,3;2,8;0,237;8,64;2,18;2,72;0,045;2,3;1;9,97;2,48;3,15;0;0;0,51;184,716;0;0;0,48;0;0;0,502;0;0,149;0;0;0;0;0;0;350;-20;-2,93;79560000000;28600000000;5,78E+10;2,04E+10;0
