unit;;;01.01.2023;;;;;;[kg];[kg];[kg];[kg];[kg];[kg];[km];;[l/100km];[kWh/100km];[l/100km]/[kWh/100km];[kgco2e/kgFhz];[kgco2e/kWh];[kgco2e/kW];[kgco2e/kW];[kgco2e/kg];[%];[kWh/l];[kgCO2e/l];[kgCO2e/l];;[kWh/l];[kgCO2e/l];[kgCO2e/l];;;;[kWh/l];[kgCO2e/l];[kgCO2e/l];;;[g co2e/MJ];[g co2e/kWh];;[kg co2e/kWh];[kg co2e/kWh];;[kg co2e/kWh];[kg co2e/kWh];[kg co2e/kWh];[kg co2e/kWh];[km];[km];[kWh];[kW];[kW];[kg];[kg];[kg co2e/kg];[kg co2e/kg];[kg CO2e];[kg CO2e];[kg CO2e];[kg CO2e];[kg CO2e];[kg CO2e];;;;;;
Quelle;;;FZ27.11,KBA;;;;;;ADAC;;;;;;KBA;KBA ;ADAC;ADAC;ADAC;UBA,Aut;UBA,Aut;UBA,Aut;UBA,Aut;UBA,Aut;;DIN;DIN ;DIN ;;DIN ;DIN ;DIN ;;;;DIN ;DIN ;DIN ;;;BA IFKM ;eigene Umrechnung;;Katja;Katja;;Katja;Katja;;;ADAC;ADAC;ADAC;ADAC;ADAC;UBA,Aut;UBA,Aut;;;Klimapfade 2.0 ;Klimapfade 2.0 ;Klimapfade 2.0 ;Klimapfade 2.0 ;Klimapfade 2.0 ;Klimapfade 2.0 ;;;;;;
description;;;;;;;;;;;;;;;;;;;;;;;;;an Gesamt Benzin;eigene Berechnung;;;;eigene Berechnung;;;;;;eigene Berechnung;;;;;;1kWh=3,6 MJ;;;;;;;;;;;;;;;;;;;;;;;;;;;;;
vehicle_class;segments;used_model;vehicle_stock;shareontotalvehicles;share_on_total_vehicles_of_class;share_of_2022;total_number_of_cars_in_class;copy_share_on_vehicle_class;average_vehicle_weight;average_vehicle_weight_without_driver;battery_weight;vehicleweight_w/o_battery;fueltank_weight_90_%_filled;glider_weight;mileage;energysupply;consumption_manufacturer_l;consumption_manufacturer_kWh;realconsumption;co2e_production;co2e_battery_production;co2e_electric_engine_bestcase;co2e_electric_engine;co2e_drivechain;share_E5_totalgasoline;energy_E5_kWh;co2e_E5_TtW;co2e_E5_WtW;share_E10_totalgasoline;energy_E10_kWh;co2e_E10_TtW;co2e_E10_WtW;share_superplus_totalgasoline;co2e_superplus_TtW;share_D7_totaldiesel;energy_diesel_kWh;co2e_D7_TtW;co2e_D7_WtW;share_hvo_totaldiesel;co2e_hvo_TtW;co2e_hvo_WtW;co2e_hvo_WtW_kwh;share_ptl_totalgasoline;co2e_ptl_TtW;co2e_ptl_WtW;share_bioliq_totalgasoline;co2e_bioliq_TtW;co2e_bioliq_WtW;co2e_electricity_TtW;co2e_electricity_WtW;range_wltp;range_wltp_city;battery_capacity_brutto;power_electric_engine;power_electric_engine_2;weight_electric_engine;weight_electric_drivechain;co2e_savings_battery;co2e_savings_glider;former_emission_targets_germany_2030;former_emission_targets_germany_2030_fleet;new_emission_targets_germany_2030;new_emission_targets_germany_2030_fleet;reference_path_emission_target_2030;reference_path_emission_target_2030;co2e_2025;co2e_2030;co2e_2035;co2e_2040;co2e_2045;co2e_2050
icev;Mini;Fiat500; 873.157 ;0,019449674;0,105097733;0,105097733; 8.308.045 ;0,057017194;1177;1102;0;1102;23,625;1078,375;13739;gasoline;4,8;0;5,8;7,2;82,5;1,7;4,5;42;0,718;8,8;2,3;2,8;0,237;8,64;2,18;2,72;0,045;2,3;1;9,97;2,48;3,15;0;0;51,31;184,716;0;0,2551;0,17;0;0,2619;0,07694;0;0,149;0;0;0;0;0;0;0;-48,4;-2,93;5,43E+11;95000000000;4,38E+11;85000000000;1,17E+11;42000000000;;79560000000;;;28600000000;
icev;Kleinwagen;Mini; 2.313.743 ;0,051538905;0,278494232;0,278494232; 8.308.045 ;0,151087555;1278;1203;0;1203;27;1176;13739;gasoline;5,6;0;6;7,2;82,5;1,7;4,5;42;0,718;8,8;2,3;2,8;0,237;8,64;2,18;2,72;0,045;2,3;1;9,97;2,48;3,15;0;0;51,31;184,716;0;0,2551;0,17;0;0,2619;0,07694;0;0,149;0;0;0;0;0;0;0;-48,4;-2,93;5,43E+11;95000000000;4,38E+11;85000000000;1,17E+11;42000000000;;79560000000;;;28600000000;
icev;Kompaktklasse;Golf; 3.050.704 ;0,067954818;0,367198817;0,367198817; 8.308.045 ;0,199211205;1528;1453;0;1453;37,125;1415,875;13739;gasoline;4,7;0;6,1;7,2;82,5;1,7;4,5;42;0,718;8,8;2,3;2,8;0,237;8,64;2,18;2,72;0,045;2,3;1;9,97;2,48;3,15;0;0;51,31;184,716;0;0,2551;0,17;0;0,2619;0,07694;0;0,149;0;0;0;0;0;0;0;-48,4;-2,93;5,43E+11;95000000000;4,38E+11;85000000000;1,17E+11;42000000000;;79560000000;;;28600000000;
icev;Mittelklasse;C-Klasse; 1.936.566 ;0,043137257;0,395904403;0,395904403; 4.891.500 ;0,097914279;1758;1683;0;1683;27;1656;13739;diesel;5,5;0;7,5;7,2;82,5;1,7;4,5;42;0,718;8,8;2,3;2,8;0,237;8,64;2,18;2,72;0,045;2,3;1;9,97;2,48;3,15;0;0;51,31;184,716;0;0,2551;0,17;0;0,2619;0,07694;0;0,149;0;0;0;0;0;0;0;-48,4;-2,93;5,43E+11;95000000000;4,38E+11;85000000000;1,17E+11;42000000000;;79560000000;;;28600000000;
icev;obereMittelklasse;A6; 435.216 ;0,009694487;0,052384867;0,052384867; 8.308.045 ;0,028419625;1972;1897;0;1897;43,875;1853,125;13739;gasoline;7,4;0;8,3;7,2;82,5;1,7;4,5;42;0,718;8,8;2,3;2,8;0,237;8,64;2,18;2,72;0,045;2,3;1;9,97;2,48;3,15;0;0;51,31;184,716;0;0,2551;0,17;0;0,2619;0,07694;0;0,149;0;0;0;0;0;0;0;-48,4;-2,93;5,43E+11;95000000000;4,38E+11;85000000000;1,17E+11;42000000000;;79560000000;;;28600000000;
icev;Oberklasse;A8; 62.448 ;0,001391039;0,007516583;0,007516583; 8.308.045 ;0,004077866;2238;2163;0;2163;48,6;2114,4;13739;gasoline;9,5;0;10,5;7,2;82,5;1,7;4,5;42;0,718;8,8;2,3;2,8;0,237;8,64;2,18;2,72;0,045;2,3;1;9,97;2,48;3,15;0;0;51,31;184,716;0;0,2551;0,17;0;0,2619;0,07694;0;0,149;0;0;0;0;0;0;0;-48,4;-2,93;5,43E+11;95000000000;4,38E+11;85000000000;1,17E+11;42000000000;;79560000000;;;28600000000;
icev;SUV;X1; 1.254.172 ;0,027936845;0,150958782;0,150958782; 8.308.045 ;0,081897543;1698;1623;0;1623;34,425;1588,575;13739;gasoline;5,1;0;6,1;7,2;82,5;1,7;4,5;42;0,718;8,8;2,3;2,8;0,237;8,64;2,18;2,72;0,045;2,3;1;9,97;2,48;3,15;0;0;51,31;184,716;0;0,2551;0,17;0;0,2619;0,07694;0;0,149;0;0;0;0;0;0;0;-48,4;-2,93;5,43E+11;95000000000;4,38E+11;85000000000;1,17E+11;42000000000;;79560000000;;;28600000000;
icev;Gel‰ndewagen;Tiguan; 947.191 ;0,021098808;0,19364029;0,19364029; 4.891.500 ;0,048923594;2005;1930;0;1930;39,15;1890,85;13739;diesel;6,6;0;7;7,2;82,5;1,7;4,5;42;0,718;8,8;2,3;2,8;0,237;8,64;2,18;2,72;0,045;2,3;1;9,97;2,48;3,15;0;0;51,31;184,716;0;0,2551;0,17;0;0,2619;0,07694;0;0,149;0;0;0;0;0;0;0;-48,4;-2,93;5,43E+11;95000000000;4,38E+11;85000000000;1,17E+11;42000000000;;79560000000;;;28600000000;
icev;Sportwagen;911; 253.913 ;0,005655951;0,030562341;0,030562341; 8.308.045 ;0,016580557;1683;1608;0;1608;43,2;1564,8;13739;gasoline;8,4;0;9,5;7,2;82,5;1,7;4,5;42;0,718;8,8;2,3;2,8;0,237;8,64;2,18;2,72;0,045;2,3;1;9,97;2,48;3,15;0;0;51,31;184,716;0;0,2551;0,17;0;0,2619;0,07694;0;0,149;0;0;0;0;0;0;0;-48,4;-2,93;5,43E+11;95000000000;4,38E+11;85000000000;1,17E+11;42000000000;;79560000000;;;28600000000;
icev;MiniVan;B-Klasse; 499.908 ;0,011135504;0,060171511;0,060171511; 8.308.045 ;0,032644003;1651;1576;0;1576;33,75;1542,25;13739;gasoline;5,6;0;5,8;7,2;82,5;1,7;4,5;42;0,718;8,8;2,3;2,8;0,237;8,64;2,18;2,72;0,045;2,3;1;9,97;2,48;3,15;0;0;51,31;184,716;0;0,2551;0,17;0;0,2619;0,07694;0;0,149;0;0;0;0;0;0;0;-48,4;-2,93;5,43E+11;95000000000;4,38E+11;85000000000;1,17E+11;42000000000;;79560000000;;;28600000000;
icev;GroﬂraumVans;Touran; 735.755 ;0,016389043;0,15041509;0,15041509; 4.891.500 ;0,037200357;1847;1772;0;1772;39,15;1732,85;13739;diesel;4,5;0;7,1;7,2;82,5;1,7;4,5;42;0,718;8,8;2,3;2,8;0,237;8,64;2,18;2,72;0,045;2,3;1;9,97;2,48;3,15;0;0;51,31;184,716;0;0,2551;0,17;0;0,2619;0,07694;0;0,149;0;0;0;0;0;0;0;-48,4;-2,93;5,43E+11;95000000000;4,38E+11;85000000000;1,17E+11;42000000000;;79560000000;;;28600000000;
icev;Utilities;Transporter; 302.333 ;0,006734505;0,061807829;0,061807829; 4.891.500 ;0,015286188;2062;1987;0;1987;54;1933;13739;diesel;7;0;;7,2;82,5;1,7;4,5;42;0,718;8,8;2,3;2,8;0,237;8,64;2,18;2,72;0,045;2,3;1;9,97;2,48;3,15;0;0;51,31;184,716;0;0,2551;0,17;0;0,2619;0,07694;0;0,149;0;0;0;0;0;0;0;-48,4;-2,93;5,43E+11;95000000000;4,38E+11;85000000000;1,17E+11;42000000000;;79560000000;;;28600000000;
icev;Wohnwagen;FiatDucato; 407.565 ;0,009078566;0,083321115;0,083321115; 4.891.500 ;0,02060681;2966;2891;0;2891;50,625;2840,375;13739;diesel;7,5;0;;7,2;82,5;1,7;4,5;42;0,718;8,8;2,3;2,8;0,237;8,64;2,18;2,72;0,045;2,3;1;9,97;2,48;3,15;0;0;51,31;184,716;0;0,2551;0,17;0;0,2619;0,07694;0;0,149;0;0;0;0;0;0;0;-48,4;-2,93;5,43E+11;95000000000;4,38E+11;85000000000;1,17E+11;42000000000;;79560000000;;;28600000000;
hev;Mini;fiat500;43756;0,00097467;0,029756776;0,029756776; 1.470.455 ;0,000800549;1177;1102;6;1096;23,625;1072,375;13739;gasoline;5,3;0;;7,2;82,5;1,7;4,5;42;0,718;8,8;2,3;2,8;0,237;8,64;2,18;2,72;0,045;2,3;1;9,97;2,48;3,15;0;0;51,31;184,716;0;0,2551;0,17;0;0,2619;0,07694;0;0,149;0;0;0,4;6;0;0;0;-48,4;-2,93;5,43E+11;95000000000;4,38E+11;85000000000;1,17E+11;42000000000;;79560000000;;;28600000000;
hev;Kleinwagen;kia rio;237345;0,005286889;0,161409224;0,161409224; 1.470.455 ;0,004342404;1278;1203;6;1197;27;1170;13739;gasoline;5,4;0;;7,2;82,5;1,7;4,5;42;0,718;8,8;2,3;2,8;0,237;8,64;2,18;2,72;0,045;2,3;1;9,97;2,48;3,15;0;0;51,31;184,716;0;0,2551;0,17;0;0,2619;0,07694;0;0,149;0;0;0,4;6;0;0;0;-48,4;-2,93;5,43E+11;95000000000;4,38E+11;85000000000;1,17E+11;42000000000;;79560000000;;;28600000000;
hev;Kompaktklasse;Golf ;255200;0,005684612;0,173551724;0,173551724; 1.470.455 ;0,004669074;1528;1453;6;1447;37,125;1409,875;13739;gasoline;5,2;0;;7,2;82,5;1,7;4,5;42;0,718;8,8;2,3;2,8;0,237;8,64;2,18;2,72;0,045;2,3;1;9,97;2,48;3,15;0;0;51,31;184,716;0;0,2551;0,17;0;0,2619;0,07694;0;0,149;0;0;0,4;6;0;0;0;-48,4;-2,93;5,43E+11;95000000000;4,38E+11;85000000000;1,17E+11;42000000000;;79560000000;;;28600000000;
hev;Mittelklasse; C-Klasse;236830;0,005275418;0,161058992;0,161058992; 1.470.455 ;0,004332982;1758;1683;6;1677;27;1650;13739;gasoline;6,3;0;;7,2;82,5;1,7;4,5;42;0,718;8,8;2,3;2,8;0,237;8,64;2,18;2,72;0,045;2,3;1;9,97;2,48;3,15;0;0;51,31;184,716;0;0,2551;0,17;0;0,2619;0,07694;0;0,149;0;0;0,4;6;0;0;0;-48,4;-2,93;5,43E+11;95000000000;4,38E+11;85000000000;1,17E+11;42000000000;;79560000000;;;28600000000;
hev;obereMittelklasse;;150573;0,003354032;0,102398917;0,102398917; 1.470.455 ;0,002754845;1972;1897;6;1891;43,875;1847,125;13739;diesel;7,4;0;;7,2;82,5;1,7;4,5;42;0,718;8,8;2,3;2,8;0,237;8,64;2,18;2,72;0,045;2,3;1;9,97;2,48;3,15;0;0;51,31;184,716;0;0,2551;0,17;0;0,2619;0,07694;0;0,149;0;0;0,4;6;0;0;0;-48,4;-2,93;5,43E+11;95000000000;4,38E+11;85000000000;1,17E+11;42000000000;;79560000000;;;28600000000;
hev;Oberklasse;;23436;0,00052204;0,015937924;0,015937924; 1.470.455 ;0,000428779;2238;2163;6;2157;48,6;2108,4;13739;gasoline;9,5;0;;7,2;82,5;1,7;4,5;42;0,718;8,8;2,3;2,8;0,237;8,64;2,18;2,72;0,045;2,3;1;9,97;2,48;3,15;0;0;51,31;184,716;0;0,2551;0,17;0;0,2619;0,07694;0;0,149;0;0;0,4;6;0;0;0;-48,4;-2,93;5,43E+11;95000000000;4,38E+11;85000000000;1,17E+11;42000000000;;79560000000;;;28600000000;
hev;SUV;hyundai kona ;301941;0,006725773;0,205338484;0,205338484; 1.470.455 ;0,005524236;1698;1623;6;1617;34,425;1582,575;13739;gasoline;6,1;0;;7,2;82,5;1,7;4,5;42;0,718;8,8;2,3;2,8;0,237;8,64;2,18;2,72;0,045;2,3;1;9,97;2,48;3,15;0;0;51,31;184,716;0;0,2551;0,17;0;0,2619;0,07694;0;0,149;0;0;0,4;6;0;0;0;-48,4;-2,93;5,43E+11;95000000000;4,38E+11;85000000000;1,17E+11;42000000000;;79560000000;;;28600000000;
hev;Gel‰ndewagen;nissan x-trail;190283;0,004238578;0,129404164;0,129404164; 1.470.455 ;0,00348137;2005;1930;6;1924;39,15;1884,85;13739;diesel;7,1;0;;7,2;82,5;1,7;4,5;42;0,718;8,8;2,3;2,8;0,237;8,64;2,18;2,72;0,045;2,3;1;9,97;2,48;3,15;0;0;51,31;184,716;0;0,2551;0,17;0;0,2619;0,07694;0;0,149;0;0;0,4;6;0;0;0;-48,4;-2,93;5,43E+11;95000000000;4,38E+11;85000000000;1,17E+11;42000000000;;79560000000;;;28600000000;
hev;Sportwagen;;10419;0,000232085;0,007085562;0,007085562; 1.470.455 ;0,000190623;1683;1608;6;1602;43,2;1558,8;13739;gasoline;8,4;0;;7,2;82,5;1,7;4,5;42;0,718;8,8;2,3;2,8;0,237;8,64;2,18;2,72;0,045;2,3;1;9,97;2,48;3,15;0;0;51,31;184,716;0;0,2551;0,17;0;0,2619;0,07694;0;0,149;0;0;0,4;6;0;0;0;-48,4;-2,93;5,43E+11;95000000000;4,38E+11;85000000000;1,17E+11;42000000000;;79560000000;;;28600000000;
hev;MiniVan;;1001;2,22974E-05;0,000680742;0,000680742; 1.470.455 ;1,8314E-05;1651;1576;6;1570;33,75;1536,25;13739;diesel;5,6;0;;7,2;82,5;1,7;4,5;42;0,718;8,8;2,3;2,8;0,237;8,64;2,18;2,72;0,045;2,3;1;9,97;2,48;3,15;0;0;51,31;184,716;0;0,2551;0,17;0;0,2619;0,07694;0;0,149;0;0;0,4;6;0;0;0;-48,4;-2,93;5,43E+11;95000000000;4,38E+11;85000000000;1,17E+11;42000000000;;79560000000;;;28600000000;
hev;GroﬂraumVans;;11027;0,000245628;0,007499039;0,007499039; 1.470.455 ;0,000201747;1847;1772;6;1766;39,15;1726,85;13739;gasoline;4,5;0;;7,2;82,5;1,7;4,5;42;0,718;8,8;2,3;2,8;0,237;8,64;2,18;2,72;0,045;2,3;1;9,97;2,48;3,15;0;0;51,31;184,716;0;0,2551;0,17;0;0,2619;0,07694;0;0,149;0;0;0,4;6;0;0;0;-48,4;-2,93;5,43E+11;95000000000;4,38E+11;85000000000;1,17E+11;42000000000;;79560000000;;;28600000000;
hev;Utilities;;8598;0,000191522;0,00584717;0,00584717; 1.470.455 ;0,000157307;2062;1987;6;1981;54;1927;13739;diesel;7;0;;7,2;82,5;1,7;4,5;42;0,718;8,8;2,3;2,8;0,237;8,64;2,18;2,72;0,045;2,3;1;9,97;2,48;3,15;0;0;51,31;184,716;0;0,2551;0,17;0;0,2619;0,07694;0;0,149;0;0;0,4;6;0;0;0;-48,4;-2,93;5,43E+11;95000000000;4,38E+11;85000000000;1,17E+11;42000000000;;79560000000;;;28600000000;
hev;Wohnwagen;;46;1,02466E-06;3,12828E-05;3,12828E-05; 1.470.455 ;8,41604E-07;2966;2891;6;2885;50,625;2834,375;13739;diesel;7,5;0;;7,2;82,5;1,7;4,5;42;0,718;8,8;2,3;2,8;0,237;8,64;2,18;2,72;0,045;2,3;1;9,97;2,48;3,15;0;0;51,31;184,716;0;0,2551;0,17;0;0,2619;0,07694;0;0,149;0;0;0,4;6;0;0;0;-48,4;-2,93;5,43E+11;95000000000;4,38E+11;85000000000;1,17E+11;42000000000;;79560000000;;;28600000000;
phev;Mini;not available ;0;0;0;0; 1.350.000 ;0;0;0;0;0;0;0;13739;hybrid;0;0;;7,2;82,5;1,7;4,5;42;0,718;8,8;2,3;2,8;0,237;8,64;2,18;2,72;0,045;2,3;1;9,97;2,48;3,15;0;0;51,31;184,716;0;0,2551;0,17;0;0,2619;0,07694;0;0,149;0;0;0;0;0;0;0;-48,4;-2,93;5,43E+11;95000000000;4,38E+11;85000000000;1,17E+11;42000000000;;79560000000;;;28600000000;
phev;Kleinwagen;Golf; 22.490 ;0,000500958;0,01665894;0,01665894; 1.350.000 ;0,000262965;1624;1549;130;1419;23,625;1395,375;13739;hybrid;1,1;14,4;;7,2;82,5;1,7;4,5;42;0,718;8,8;2,3;2,8;0,237;8,64;2,18;2,72;0,045;2,3;1;9,97;2,48;3,15;0;0;51,31;184,716;0;0,2551;0,17;0;0,2619;0,07694;0;0,149;64;;13;85;0;0;0;-48,4;-2,93;5,43E+11;95000000000;4,38E+11;85000000000;1,17E+11;42000000000;;79560000000;;;28600000000;
phev;Kompaktklasse;A3; 276.630 ;0,00616196;0,20491087;0,20491087; 1.350.000 ;0,00323456;1635;1560;130;1430;27;1403;13739;hybrid;1,1;14,4;;7,2;82,5;1,7;4,5;42;0,718;8,8;2,3;2,8;0,237;8,64;2,18;2,72;0,045;2,3;1;9,97;2,48;3,15;0;0;51,31;184,716;0;0,2551;0,17;0;0,2619;0,07694;0;0,149;66;73;12,8;85;0;0;0;-48,4;-2,93;5,43E+11;95000000000;4,38E+11;85000000000;1,17E+11;42000000000;;79560000000;;;28600000000;
phev;Mittelklasse;VWPassat; 211.826 ;0,004718443;0,156907902;0,156907902; 1.350.000 ;0,002476823;1759;1684;130;1554;33,75;1520,25;13739;hybrid;1,3;16,3;;7,2;82,5;1,7;4,5;42;0,718;8,8;2,3;2,8;0,237;8,64;2,18;2,72;0,045;2,3;1;9,97;2,48;3,15;0;0;51,31;184,716;0;0,2551;0,17;0;0,2619;0,07694;0;0,149;;;13;85;0;0;0;-48,4;-2,93;5,43E+11;95000000000;4,38E+11;85000000000;1,17E+11;42000000000;;79560000000;;;28600000000;
phev;obereMittelklasse;E300e9G-Tronics; 100.522 ;0,002239132;0,074460465;0,074460465; 1.350.000 ;0,001175374;1985;1910;135;1775;33,75;1741,25;13739;hybrid;1,5;17;;7,2;82,5;1,7;4,5;42;0,718;8,8;2,3;2,8;0,237;8,64;2,18;2,72;0,045;2,3;1;9,97;2,48;3,15;0;0;51,31;184,716;0;0,2551;0,17;0;0,2619;0,07694;0;0,149;51;;13,5;90;0;0;0;-48,4;-2,93;5,43E+11;95000000000;4,38E+11;85000000000;1,17E+11;42000000000;;79560000000;;;28600000000;
phev;Oberklasse;Porschepanamera; 15.040 ;0,000335018;0,011140731;0,011140731; 1.350.000 ;0,000175859;2285;2210;179;2031;54;1977;13739;hybrid;2,3;23,6;;7,2;82,5;1,7;4,5;42;0,718;8,8;2,3;2,8;0,237;8,64;2,18;2,72;0,045;2,3;1;9,97;2,48;3,15;0;0;51,31;184,716;0;0,2551;0,17;0;0,2619;0,07694;0;0,149;54;;17,9;100;0;0;0;-48,4;-2,93;5,43E+11;95000000000;4,38E+11;85000000000;1,17E+11;42000000000;;79560000000;;;28600000000;
phev;SUV;Renaultcapture; 416.978 ;0,009288234;0,308872482;0,308872482; 1.350.000 ;0,004875615;1616;1541;103;1438;26,325;1411,675;13739;hybrid;1,5;17,3;;7,2;82,5;1,7;4,5;42;0,718;8,8;2,3;2,8;0,237;8,64;2,18;2,72;0,045;2,3;1;9,97;2,48;3,15;0;0;51,31;184,716;0;0,2551;0,17;0;0,2619;0,07694;0;0,149;54;65;9,8;49;25;0;0;-48,4;-2,93;5,43E+11;95000000000;4,38E+11;85000000000;1,17E+11;42000000000;;79560000000;;;28600000000;
phev;Gel‰ndewagen;volvoXC40; 267.572 ;0,00596019;0,198201164;0,198201164; 1.350.000 ;0,003128646;1812;1737;107;1630;32,4;1597,6;13739;hybrid;2,1;15,2;;7,2;82,5;1,7;4,5;42;0,718;8,8;2,3;2,8;0,237;8,64;2,18;2,72;0,045;2,3;1;9,97;2,48;3,15;0;0;51,31;184,716;0;0,2551;0,17;0;0,2619;0,07694;0;0,149;45;55;10,7;60;0;0;0;-48,4;-2,93;5,43E+11;95000000000;4,38E+11;85000000000;1,17E+11;42000000000;;79560000000;;;28600000000;
phev;Sportwagen;Porschepanamera; 3.342 ;7,44484E-05;0,002475718;0,002475718; 1.350.000 ;3,90797E-05;2285;2210;179;2031;54;1977;13739;hybrid;2,3;23,6;;7,2;82,5;1,7;4,5;42;0,718;8,8;2,3;2,8;0,237;8,64;2,18;2,72;0,045;2,3;1;9,97;2,48;3,15;0;0;51,31;184,716;0;0,2551;0,17;0;0,2619;0,07694;0;0,149;54;;17,9;100;0;0;0;-48,4;-2,93;5,43E+11;95000000000;4,38E+11;85000000000;1,17E+11;42000000000;;79560000000;;;28600000000;
phev;MiniVan;Peogeot3008; 29.018 ;0,000646369;0,021494471;0,021494471; 1.350.000 ;0,000339295;1908;1833;142;1691;29,025;1661,975;13739;hybrid;1,3;15,3;;7,2;82,5;1,7;4,5;42;0,718;8,8;2,3;2,8;0,237;8,64;2,18;2,72;0,045;2,3;1;9,97;2,48;3,15;0;0;51,31;184,716;0;0,2551;0,17;0;0,2619;0,07694;0;0,149;63;74;14,2;81;83;0;0;-48,4;-2,93;5,43E+11;95000000000;4,38E+11;85000000000;1,17E+11;42000000000;;79560000000;;;28600000000;
phev;GroﬂraumVans;not available ; 3 ;6,97082E-08;2,31809E-06;2,31809E-06; 1.350.000 ;3,65915E-08;0;0;0;0;0;0;13739;hybrid;0;0;;7,2;82,5;1,7;4,5;42;0,718;8,8;2,3;2,8;0,237;8,64;2,18;2,72;0,045;2,3;1;9,97;2,48;3,15;0;0;51,31;184,716;0;0,2551;0,17;0;0,2619;0,07694;0;0,149;0;0;0;0;0;0;0;-48,4;-2,93;5,43E+11;95000000000;4,38E+11;85000000000;1,17E+11;42000000000;;79560000000;;;28600000000;
phev;Utilities;VWMultivan; 6.573 ;0,000146422;0,004869144;0,004869144; 1.350.000 ;7,68604E-05;2257;2182;130;2052;30,375;2021,625;13739;hybrid;1,8;17,3;;7,2;82,5;1,7;4,5;42;0,718;8,8;2,3;2,8;0,237;8,64;2,18;2,72;0,045;2,3;1;9,97;2,48;3,15;0;0;51,31;184,716;0;0,2551;0,17;0;0,2619;0,07694;0;0,149;50;;13;85;0;0;0;-48,4;-2,93;5,43E+11;95000000000;4,38E+11;85000000000;1,17E+11;42000000000;;79560000000;;;28600000000;
phev;Wohnwagen;not available ; 8 ;1,7427E-07;5,79522E-06;5,79522E-06; 1.350.000 ;9,14787E-08;0;0;0;0;0;0;13739;hybrid;0;0;;7,2;82,5;1,7;4,5;42;0,718;8,8;2,3;2,8;0,237;8,64;2,18;2,72;0,045;2,3;1;9,97;2,48;3,15;0;0;51,31;184,716;0;0,2551;0,17;0;0,2619;0,07694;0;0,149;0;0;0;0;0;0;0;-48,4;-2,93;5,43E+11;95000000000;4,38E+11;85000000000;1,17E+11;42000000000;;79560000000;;;28600000000;
bev;Mini;fiat500e; 5.726.123 ;0,127550109;0,197452527;0,197452527; 29.000.000 ;0,197452527;1330;1255;182;1073;0;1073;13739;battery;0;13;;6,2;82,5;1,7;4,5;42;0,718;8,8;2,3;2,8;0,237;8,64;2,18;2,72;0,045;2,3;1;9,97;2,48;3,15;0;0;51,31;184,716;0;0,2551;0,17;0;0,2619;0,07694;0;0,149;190;257;23,8;70;0;50;27;-48,4;-2,93;5,43E+11;95000000000;4,38E+11;85000000000;1,17E+11;42000000000;;79560000000;;;28600000000;
bev;Kleinwagen;renaultzoe; 6.306.900 ;0,140486988;0,217479319;0,217479319; 29.000.000 ;0,217479319;1577;1502;326;1176;0;1176;13739;battery;0;17,2;;6,2;82,5;1,7;4,5;42;0,718;8,8;2,3;2,8;0,237;8,64;2,18;2,72;0,045;2,3;1;9,97;2,48;3,15;0;0;51,31;184,716;0;0,2551;0,17;0;0,2619;0,07694;0;0,149;316;;44,1;80;0;50;27;-48,4;-2,93;5,43E+11;95000000000;4,38E+11;85000000000;1,17E+11;42000000000;;79560000000;;;28600000000;
bev;Kompaktklasse;VWID.3; 3.984.167 ;0,088747816;0,137385069;0,137385069; 29.000.000 ;0,137385069;1815;1740;364;1376;0;1376;13739;battery;0;15,2;;6,2;82,5;1,7;4,5;42;0,718;8,8;2,3;2,8;0,237;8,64;2,18;2,72;0,045;2,3;1;9,97;2,48;3,15;0;0;51,31;184,716;0;0,2551;0,17;0;0,2619;0,07694;0;0,149;429;587;62;150;0;50;27;-48,4;-2,93;5,43E+11;95000000000;4,38E+11;85000000000;1,17E+11;42000000000;;79560000000;;;28600000000;
bev;Mittelklasse;Model3; 2.531.677 ;0,056393419;0,087299205;0,087299205; 29.000.000 ;0,087299205;1825;1750;310;1440;0;1440;13739;battery;0;14,4;;6,2;82,5;1,7;4,5;42;0,718;8,8;2,3;2,8;0,237;8,64;2,18;2,72;0,045;2,3;1;9,97;2,48;3,15;0;0;51,31;184,716;0;0,2551;0,17;0;0,2619;0,07694;0;0,149;491;;62;208;0;50;27;-48,4;-2,93;5,43E+11;95000000000;4,38E+11;85000000000;1,17E+11;42000000000;;79560000000;;;28600000000;
bev;obereMittelklasse;i4; 92.051 ;0,002050436;0,003174155;0,003174155; 29.000.000 ;0,003174155;2125;2050;419,5;1630,5;0;1630,5;13739;battery;0;16,3;;6,2;82,5;1,7;4,5;42;0,718;8,8;2,3;2,8;0,237;8,64;2,18;2,72;0,045;2,3;1;9,97;2,48;3,15;0;0;51,31;184,716;0;0,2551;0,17;0;0,2619;0,07694;0;0,149;584;;83,9;250;0;50;27;-48,4;-2,93;5,43E+11;95000000000;4,38E+11;85000000000;1,17E+11;42000000000;;79560000000;;;28600000000;
bev;Oberklasse;Taycan; 693.722 ;0,015452741;0,023921443;0,023921443; 29.000.000 ;0,023921443;2125;2050;396;1654;0;1654;13739;battery;0;20,3;;6,2;82,5;1,7;4,5;42;0,718;8,8;2,3;2,8;0,237;8,64;2,18;2,72;0,045;2,3;1;9,97;2,48;3,15;0;0;51,31;184,716;0;0,2551;0,17;0;0,2619;0,07694;0;0,149;432;451;79,2;300;0;50;27;-48,4;-2,93;5,43E+11;95000000000;4,38E+11;85000000000;1,17E+11;42000000000;;79560000000;;;28600000000;
bev;SUV;ModelY; 8.124.134 ;0,180966094;0,280142549;0,280142549; 29.000.000 ;0,280142549;1984;1909;475;1434;0;1434;13739;battery;0;15,7;;6,2;82,5;1,7;4,5;42;0,718;8,8;2,3;2,8;0,237;8,64;2,18;2,72;0,045;2,3;1;9,97;2,48;3,15;0;0;51,31;184,716;0;0,2551;0,17;0;0,2619;0,07694;0;0,149;455;;62;220;0;50;27;-48,4;-2,93;5,43E+11;95000000000;4,38E+11;85000000000;1,17E+11;42000000000;;79560000000;;;28600000000;
bev;Gel‰ndewagen;Q8; 969.787 ;0,021602124;0,033440927;0,033440927; 29.000.000 ;0,033440927;2585;2510;475;2035;0;2035;13739;battery;0;20,3;;6,2;82,5;1,7;4,5;42;0,718;8,8;2,3;2,8;0,237;8,64;2,18;2,72;0,045;2,3;1;9,97;2,48;3,15;0;0;51,31;184,716;0;0,2551;0,17;0;0,2619;0,07694;0;0,149;488;;95;200;200;50;27;-48,4;-2,93;5,43E+11;95000000000;4,38E+11;85000000000;1,17E+11;42000000000;;79560000000;;;28600000000;
bev;Sportwagen;not available ; 1.009 ;2,24688E-05;3,47825E-05;3,47825E-05; 29.000.000 ;3,47825E-05;0;0;0;0;0;0;13739;battery;0;0;;6,2;82,5;1,7;4,5;42;0,718;8,8;2,3;2,8;0,237;8,64;2,18;2,72;0,045;2,3;1;9,97;2,48;3,15;0;0;51,31;184,716;0;0,2551;0,17;0;0,2619;0,07694;0;0,149;0;0;0;0;0;0;0;-48,4;-2,93;5,43E+11;95000000000;4,38E+11;85000000000;1,17E+11;42000000000;;79560000000;;;28600000000;
bev;MiniVan;Kiae-Soul; 183.928 ;0,004097021;0,006342348;0,006342348; 29.000.000 ;0,006342348;1610;1535;315;1220;0;1220;13739;battery;0;15,6;;6,2;82,5;1,7;4,5;42;0,718;8,8;2,3;2,8;0,237;8,64;2,18;2,72;0,045;2,3;1;9,97;2,48;3,15;0;0;51,31;184,716;0;0,2551;0,17;0;0,2619;0,07694;0;0,149;276;407;42;100;0;50;27;-48,4;-2,93;5,43E+11;95000000000;4,38E+11;85000000000;1,17E+11;42000000000;;79560000000;;;28600000000;
bev;GroﬂraumVans;pro ace city toyota ; 99.227 ;0,002210286;0,003421608;0,003421608; 29.000.000 ;0,003421608;1664;1589;250;1339;0;1339;13739;battery;0;19,4;;6,2;82,5;1,7;4,5;42;0,718;8,8;2,3;2,8;0,237;8,64;2,18;2,72;0,045;2,3;1;9,97;2,48;3,15;0;0;51,31;184,716;0;0,2551;0,17;0;0,2619;0,07694;0;0,149;284;425;50;100;0;50;27;-48,4;-2,93;5,43E+11;95000000000;4,38E+11;85000000000;1,17E+11;42000000000;;79560000000;;;28600000000;
bev;Utilities;e-Sprinter; 285.460 ;0,006358664;0,009843459;0,009843459; 29.000.000 ;0,009843459;2455;2380;205;2175;0;2175;13739;battery;0;33,9;;6,2;82,5;1,7;4,5;42;0,718;8,8;2,3;2,8;0,237;8,64;2,18;2,72;0,045;2,3;1;9,97;2,48;3,15;0;0;51,31;184,716;0;0,2551;0,17;0;0,2619;0,07694;0;0,149;120;;41;85;0;50;27;-48,4;-2,93;5,43E+11;95000000000;4,38E+11;85000000000;1,17E+11;42000000000;;79560000000;;;28600000000;
bev;Wohnwagen;not available ; 1.816 ;4,04438E-05;6,26086E-05;6,26086E-05; 29.000.000 ;6,26086E-05;0;0;0;0;0;0;13739;battery;0;0;;6,2;82,5;1,7;4,5;42;0,718;8,8;2,3;2,8;0,237;8,64;2,18;2,72;0,045;2,3;1;9,97;2,48;3,15;0;0;51,31;184,716;0;0,2551;0,17;0;0,2619;0,07694;0;0,149;0;0;0;0;0;0;0;-48,4;-2,93;5,43E+11;95000000000;4,38E+11;85000000000;1,17E+11;42000000000;;79560000000;;;28600000000;
lkw;MittelschwererLkwimVerteilverkehrICEDiesel;;;;;;;;12800;;;;;12800;50000;lkw_diesel;25,66;254;;3,365625;82,5;1,7;4,5;42;0,718;8,8;2,3;2,8;0,237;8,64;2,18;2,72;0,045;2,3;1;9,97;2,48;3,15;0;0;51,31;184,716;0;0,2551;0,17;0;0,2619;0,07694;0;0,149;0;0;0;0;0;0;;-48,4;-2,93;5,43E+11;95000000000;4,38E+11;85000000000;1,17E+11;42000000000;;79560000000;;;28600000000;
lkw;SchwererLKWimTransitverkehrICEDiesel;;;;;;;;14700;;;;;14700;50000;lkw_diesel;31,9;316;;3,458639456;82,5;1,7;4,5;42;0,718;8,8;2,3;2,8;0,237;8,64;2,18;2,72;0,045;2,3;1;9,97;2,48;3,15;0;0;51,31;184,716;0;0,2551;0,17;0;0,2619;0,07694;0;0,149;0;0;0;0;0;0;;-48,4;-2,93;5,43E+11;95000000000;4,38E+11;85000000000;1,17E+11;42000000000;;79560000000;;;28600000000;
lkw;MittelschwererLKWimurbanenVerteilerverkehrBEV-EEONC;;;;;;;;11300;;;;;11300;50000;lkw_battery;0;110;;6,954247788;82,5;1,7;4,5;42;0,718;8,8;2,3;2,8;0,237;8,64;2,18;2,72;0,045;2,3;1;9,97;2,48;3,15;0;0;51,31;184,716;0;0,2551;0,17;0;0,2619;0,07694;0;0,149;0;0;0;0;0;0;270;-48,4;-2,93;5,43E+11;95000000000;4,38E+11;85000000000;1,17E+11;42000000000;;79560000000;;;28600000000;
lkw;MittelschwererLKWimurbanenVerteilerverkehrBEV-ATONC;;;;;;;;11300;;;;;11300;50000;lkw_battery;0;110;;6,954247788;82,5;1,7;4,5;42;0,718;8,8;2,3;2,8;0,237;8,64;2,18;2,72;0,045;2,3;1;9,97;2,48;3,15;0;0;51,31;184,716;0;0,2551;0,17;0;0,2619;0,07694;0;0,149;0;0;0;0;0;0;270;-48,4;-2,93;5,43E+11;95000000000;4,38E+11;85000000000;1,17E+11;42000000000;;79560000000;;;28600000000;
lkw;SchwererLKWimTransitverkehrBEV-AT-OL;;;;;;;;13200;;;;;13200;50000;lkw_battery;0;155;;6,318257576;82,5;1,7;4,5;42;0,718;8,8;2,3;2,8;0,237;8,64;2,18;2,72;0,045;2,3;1;9,97;2,48;3,15;0;0;51,31;184,716;0;0,2551;0,17;0;0,2619;0,07694;0;0,149;0;0;0;0;0;0;350;-48,4;-2,93;5,43E+11;95000000000;4,38E+11;85000000000;1,17E+11;42000000000;;79560000000;;;28600000000;
lkw;SchwererLKWimTransitverkehrBEV-EE-OL;;;;;;;;13200;;;;;13200;50000;lkw_battery;0;155;;6,318257576;;1,7;4,5;42;0,718;8,8;2,3;2,8;0,237;8,64;2,18;2,72;0,045;2,3;1;9,97;2,48;3,15;0;0;51,31;184,716;0;0,2551;0,17;0;0,2619;0,07694;0;0,149;0;0;0;0;0;0;350;-48,4;-2,93;5,43E+11;95000000000;4,38E+11;85000000000;1,17E+11;42000000000;;79560000000;;;28600000000;
